ds,Previsao_RandomForest,Previsao_ARIMA,Previsao_SARIMA
2021-01-01 00:00:00,482746.9485599995,503138.5087250054,486857.4623036677
2021-02-01 00:00:00,457749.1380299997,504245.65832303057,457628.95089052914
2021-03-01 00:00:00,499684.1856499998,504042.9994818953,498364.6503889237
2021-04-01 00:00:00,458493.2020999995,504080.09528716275,463665.6456807039
2021-05-01 00:00:00,465708.41000000044,504073.3050639446,473988.5847177702
2021-06-01 00:00:00,458113.6960500002,504074.5479842969,467537.31079291494
2021-07-01 00:00:00,474932.8482,504074.3204732192,489390.9962009394
2021-08-01 00:00:00,460077.5377500002,504074.3621181166,483513.41215291637
2021-09-01 00:00:00,471997.64480000036,504074.35449520213,479093.3315728371
2021-10-01 00:00:00,464429.8036999998,504074.3558905429,486153.233031602
2021-11-01 00:00:00,475667.86195000005,504074.35563513194,483569.1146059302
2021-12-01 00:00:00,502328.4409000003,504074.3556818838,515797.93598149694
2022-01-01 00:00:00,474124.93719999964,504074.3556733261,492257.3884140786
2022-02-01 00:00:00,453492.6559799998,504074.35567489255,465112.2016725365
2022-03-01 00:00:00,485055.69950000016,504074.3556746058,507119.649259472
2022-04-01 00:00:00,467496.2177499999,504074.3556746583,459171.4791967663
2022-05-01 00:00:00,460852.58419999987,504074.3556746487,473541.97453888814
2022-06-01 00:00:00,465680.0812999995,504074.35567465046,480487.2026290772
2022-07-01 00:00:00,457863.0856499999,504074.3556746501,498839.38752811693
2022-08-01 00:00:00,475787.34859999985,504074.35567465017,489699.1881431588
2022-09-01 00:00:00,453904.20955,504074.35567465017,488286.24442071473
2022-10-01 00:00:00,476387.9915499999,504074.35567465017,486937.4973156329
2022-11-01 00:00:00,459928.1384000001,504074.35567465017,490801.47541779536
2022-12-01 00:00:00,499926.1334000003,504074.35567465017,520933.89598488546
2023-01-01 00:00:00,463567.41706,504074.35567465017,497825.1239905801
2023-02-01 00:00:00,451591.47824999987,504074.35567465017,469937.14573652844
2023-03-01 00:00:00,469533.4898100001,504074.35567465017,511491.16263229493
2023-04-01 00:00:00,466494.99544999964,504074.35567465017,468266.8675302182
2023-05-01 00:00:00,468222.07754999964,504074.35567465017,481194.2417880368
2023-06-01 00:00:00,465878.0886999997,504074.35567465017,483363.06328728696
2023-07-01 00:00:00,469688.07004999975,504074.35567465017,502963.6778206342
2023-08-01 00:00:00,470769.0360999999,504074.35567465017,494986.7356330139
2023-09-01 00:00:00,470206.58365000004,504074.35567465017,492501.62334876653
2023-10-01 00:00:00,473944.52214999986,504074.35567465017,494150.9069502585
2023-11-01 00:00:00,475041.3475500001,504074.35567465017,495715.8721679221
2023-12-01 00:00:00,497377.19814999995,504074.35567465017,526595.7462585375
2024-01-01 00:00:00,482516.09700999974,504074.35567465017,503333.028428975
2024-02-01 00:00:00,454410.5609799998,504074.35567465017,475709.88604553876
2024-03-01 00:00:00,475275.1807499998,504074.35567465017,517425.5697210641
2024-04-01 00:00:00,464430.3036499998,504074.35567465017,472517.01797791274
2024-05-01 00:00:00,469272.5049999995,504074.35567465017,485958.9245403267
2024-06-01 00:00:00,460554.96934999945,504074.35567465017,489830.73237776535
2024-07-01 00:00:00,463283.9180499997,504074.35567465017,508986.2301542082
2024-08-01 00:00:00,458675.80150000006,504074.35567465017,500594.53870327695
2024-09-01 00:00:00,461484.10670000024,504074.35567465017,498491.6988194676
2024-10-01 00:00:00,452217.6221500001,504074.35567465017,499072.06057823997
2024-11-01 00:00:00,448044.3645499998,504074.35567465017,501456.7188976274
2024-12-01 00:00:00,474093.6434500001,504074.35567465017,532070.0949180388
2025-01-01 00:00:00,473974.8335000003,504074.35567465017,508862.2651406705
2025-02-01 00:00:00,461652.0301299997,504074.35567465017,481144.6978248225
2025-03-01 00:00:00,469545.7846499998,504074.35567465017,522802.7406123652
2025-04-01 00:00:00,463277.98259999976,504074.35567465017,478494.6959649026
2025-05-01 00:00:00,464023.6094999998,504074.35567465017,491753.1504973019
2025-06-01 00:00:00,463555.3001499996,504074.35567465017,495017.77332801226
2025-07-01 00:00:00,466532.4360999998,504074.35567465017,514331.9736230692
2025-08-01 00:00:00,468228.5864499998,504074.35567465017,506088.1574243269
2025-09-01 00:00:00,473113.9617999997,504074.35567465017,503849.02163207316
2025-10-01 00:00:00,476898.87974999985,504074.35567465017,504810.4982017571
2025-11-01 00:00:00,476611.5467999999,504074.35567465017,506902.9020559591
2025-12-01 00:00:00,479371.0332999999,504074.35567465017,537611.2956516272
2026-01-01 00:00:00,483136.57476999954,504074.35567465017,514383.8960153626
2026-02-01 00:00:00,459084.75292999955,504074.35567465017,486699.99509009917
2026-03-01 00:00:00,472880.30714999983,504074.35567465017,528378.5892362598
2026-04-01 00:00:00,463214.63555,504074.35567465017,483856.4389927863
2026-05-01 00:00:00,467869.5616499997,504074.35567465017,497180.30175517616
2026-06-01 00:00:00,464199.6324999998,504074.35567465017,500661.4111331525
2026-07-01 00:00:00,469360.4956499996,504074.35567465017,519919.02742182516
2026-08-01 00:00:00,468273.4236499998,504074.35567465017,511622.4875846238
2026-09-01 00:00:00,465669.09465000016,504074.35567465017,509431.9469162591
2026-10-01 00:00:00,474064.71245,504074.35567465017,510257.540306003
2026-11-01 00:00:00,470174.45679999975,504074.35567465017,512454.14495467447
2026-12-01 00:00:00,481261.19729999994,504074.35567465017,543128.6608580924
2027-01-01 00:00:00,481877.19601999974,504074.35567465017,519908.2386852631
2027-02-01 00:00:00,457663.89577999985,504074.35567465017,492212.33430046786
2027-03-01 00:00:00,474978.74474999995,504074.35567465017,533883.6010379813
2027-04-01 00:00:00,462506.5471,504074.35567465017,489437.788287557
2027-05-01 00:00:00,462598.0609500001,504074.35567465017,502738.3303129119
2027-06-01 00:00:00,459652.9247499999,504074.35567465017,506142.253290322
2027-07-01 00:00:00,458224.08634999976,504074.35567465017,525420.0441156464
2027-08-01 00:00:00,462096.76160000026,504074.35567465017,517142.3024343989
2027-09-01 00:00:00,457286.45520000026,504074.35567465017,514934.4355961385
2027-10-01 00:00:00,457766.67845,504074.35567465017,515808.4769550034
2027-11-01 00:00:00,450444.59715000005,504074.35567465017,517967.929714272
2027-12-01 00:00:00,455360.3889,504074.35567465017,548654.5244149977
